AnnualIncome,TotalDebt,Age,PaymentHistory,Creditworthy
57450.71229516849,22783.61076166638,45,2,0
47926.03548243223,9488.142836714665,47,0,1
59715.32807151039,6818.0111657769285,26,0,0
72845.44784612038,14966.25542589048,56,0,1
46487.69937914996,13298.153774750715,48,2,0
46487.945645762295,10467.719506727248,38,2,1
73688.19223261088,21963.874474567154,64,1,1
61511.52093729363,24553.05208570511,51,0,0
42957.88421097572,15884.068862918473,48,2,1
58138.40065378947,29775.300810552617,69,1,1
43048.734607813065,3583.1088586649494,42,1,1
43014.05369644615,13063.40540720282,29,2,1
53629.43407349051,7831.776793971951,18,2,1
21300.79633013303,0.0,39,0,0
24126.23251230451,14173.193141573007,57,0,0
41565.68706138541,13782.524916167165,54,2,1
34807.53319498364,30134.49743242131,64,1,0
54713.709988929106,21308.116845547775,18,0,0
36379.638867181835,4758.131756707951,18,0,0
28815.44447997063,33540.925663341885,59,0,0
71984.7315338233,27210.33695525353,59,1,1
46613.355492701965,20820.97703468616,38,2,0
51012.92307031886,12735.15901150168,32,1,1
28628.77720679815,5405.607632765203,34,1,1
41834.25913212226,11277.93223928947,39,2,1
51663.83884564799,25887.48619704186,55,2,1
32735.09633866546,33845.86305934609,52,2,0
55635.47027518508,30432.43528272189,62,2,1
40990.419651217926,10111.50578213726,33,0,0
45624.593753100846,3803.825667109888,25,2,0
40974.40081655905,16408.86246911204,64,1,1
77784.17276763407,0.0,34,2,1
49797.541628930994,18231.677141847817,34,1,0
34134.3360656615,13523.974137013312,43,2,0
62338.173681547836,10339.634981317577,30,2,1
31687.345250434668,0.0,34,1,1
53132.95392507133,20136.001065697164,55,2,1
20604.948141803365,9672.991603380886,34,2,0
30077.209266523543,3300.8316428971193,65,2,1
52952.91853803685,0.0,31,0,1
61076.99869993116,14724.850949493637,62,2,1
52570.524217849554,32722.51596669744,23,1,0
48265.27576417639,31612.5921454787,52,0,0
45483.444566160666,10429.03743413728,63,1,1
27822.17014448859,8977.879396382195,31,1,0
39202.33687407937,19687.742560750237,64,2,0
43090.41843560319,5016.145608117085,25,1,0
65856.83339328374,18017.91899819466,32,2,1
55154.27434352692,22660.802783846902,44,0,0
23554.39766955899,27269.332238843075,30,1,0
54861.25954092192,13998.459235200473,66,1,1
44223.76579375525,12963.26249823034,48,1,0
39846.169995410615,6220.174132434389,52,0,0
59175.14433261302,6731.1964596014,23,0,0
65464.99283743926,12735.211080984733,22,2,1
63969.20178674298,18673.65506816178,39,1,0
37411.73715166042,24135.846262332496,66,1,0
45361.81436223178,6968.210493196551,40,1,1
54968.95147105346,29926.88568959522,42,2,0
64633.17690683539,12288.763989574312,51,2,1
42812.38643232065,14786.327056515638,43,1,1
47215.115350042746,7527.883208521766,64,1,1
33404.97538990958,0.0,22,0,0
32056.90063878994,23840.453963610496,43,2,0
62187.88733591297,22368.438970924333,37,0,0
70343.60042856235,12186.724428817866,23,1,0
48919.848176294996,15669.907172248719,23,1,0
65052.99346838036,20159.392177040994,67,1,1
55424.54037571451,0.0,35,0,1
40323.203680923136,9709.473226537051,21,2,0
55420.934082626205,22942.646796218272,34,0,0
73070.54849698953,2457.105768307505,31,2,1
49462.60941335073,17935.579321666293,31,0,0
73469.6548372101,1434.1819537659503,30,0,1
20000.0,19664.299824335263,24,2,0
62328.53756562836,14643.585177025165,61,0,1
51305.706023572566,0.0,32,2,1
45514.88974301199,26647.393544571714,36,2,0
51376.41164803253,7654.084232019508,60,0,1
20186.46628098661,6897.47562985619,64,2,1
46704.92168243732,17005.69197230943,61,1,0
55356.6885726762,26486.373494287152,52,2,1
72168.41067112274,4841.781810216031,34,0,1
42225.94672589529,15616.798498479717,52,2,1
37872.595956602185,19288.16500330573,36,0,0
42473.64434623195,21931.05607263144,37,2,0
63731.03176553111,16764.41555277225,53,2,1
54931.266644895266,11329.721609166776,52,2,1
42053.59694349442,6724.097793512803,49,2,1
57699.01149670034,15861.438830463747,65,2,1
51456.16324022061,4278.609880143931,61,2,1
64529.674857993334,0.0,57,0,1
39469.203591839716,19365.59804157668,41,1,0
45085.067801033474,24039.348410861952,34,1,0
44118.377703017635,0.0,24,1,1
28047.275778018222,4902.692952900625,60,1,0
54441.80415596864,21191.542610051976,67,2,1
53915.82908269834,35574.95469711699,18,0,0
50076.70184963691,15207.937076754079,52,2,1
46481.1929993728,7719.970587708655,49,0,0
28769.438869243786,13171.035588951598,53,1,1
43690.320158519615,28748.76419148185,30,2,0
44859.282252098456,8540.358208754647,23,2,1
37965.84096167571,7008.0799334974645,31,2,1
47580.71432500986,10172.564778179676,54,2,1
56060.762852218075,5466.713917412877,65,0,1
78292.78851815795,16226.703159947956,32,2,0
52618.66719247759,31246.784584695604,64,0,1
53863.25586084147,18230.79273116029,21,1,0
48883.311263507494,12476.464978737124,57,1,1
21218.431770514377,12081.887310844559,33,0,0
49602.291868261746,0.0,45,1,1
50903.4531491154,23831.097771471592,33,2,0
86948.6316872793,14221.62802987198,21,2,0
47114.58552828316,13195.200864093744,62,1,1
54523.210135004185,46931.07567844861,43,0,0
49479.32345442135,17987.529083656864,45,0,0
32469.82943570702,7482.0894990481565,49,1,0
67142.34221772531,10736.424037944567,62,2,1
61278.99549030161,26484.457091967546,19,0,0
61865.47920564571,16132.704105377645,48,2,1
36359.18817807891,617.2202168263339,20,0,0
71041.91466404148,24192.289345752033,25,2,1
28972.234058115788,8318.55914461006,41,1,0
58802.85640700405,33732.977762175455,32,2,0
82856.83438714968,25800.480657146487,60,1,1
35141.955123039676,10526.781043412488,48,2,1
41505.53405595842,27810.16361735113,26,0,0
51494.77047631462,15678.555105274034,56,0,1
42447.86518825701,23527.736751222197,62,2,1
26740.04853400801,19847.328172944748,19,2,0
51028.44462209041,6536.433450091265,25,2,0
34065.44429410843,8564.50167682538,24,2,0
57103.88645952773,25299.608175811612,61,2,1
36208.63648649295,11652.24667893459,68,0,1
73249.01607526309,10963.515367580032,56,1,1
38251.20061495644,5448.77420650647,59,1,0
45169.07725691487,19235.990655934613,33,2,0
62202.758260545044,35625.24919243145,52,1,0
31537.03525349067,4324.670857457271,47,0,0
53411.899019061944,15242.194566727581,27,2,1
69607.14131423642,29122.205554154294,55,2,1
25887.75148158159,14203.586087542848,35,1,0
52769.507877984564,19523.71796249734,67,0,0
53898.24191372635,4376.064718531203,22,0,0
61727.34307665966,19283.070972076486,46,1,0
31445.73933682877,13128.557349954512,56,1,1
30193.150803735854,24857.29995679863,51,2,0
57829.12348425346,26873.86051564751,60,2,1
54454.77009849779,40895.63642018614,62,2,0
53757.39275518815,20796.331732135757,40,1,0
55196.72314245463,18257.963165821664,22,2,1
39799.62917632264,16943.84301577336,47,1,0
53483.80545741505,11468.337071893116,23,1,0
54396.08709948022,18384.83843461691,63,2,1
39284.72872960448,12045.985898609706,61,0,0
77986.61766717135,16684.609762696142,21,0,0
57107.49381367681,28175.975356079594,46,2,1
32130.44754196027,4934.574347203588,40,1,0
59848.30412950744,26398.785611290456,23,2,0
35379.77494659018,28171.150673398653,49,0,0
61806.26905613678,13819.314730089212,59,2,1
67378.93368511106,0.0,35,1,1
37689.76522472434,8921.780129055674,32,0,0
64450.64193866483,27969.94546561109,57,2,1
56191.71390404747,14771.31937701118,49,1,1
62330.90239991735,5006.977677050892,26,1,1
78451.89473980921,9952.250787717825,54,0,1
46319.17825995694,23406.200265045532,27,0,0
38693.95753463766,20467.335682013792,37,1,0
36657.28355561715,12610.679008303057,23,0,0
37762.845725518426,11331.755881853125,65,2,1
48843.47435878844,11082.418509561781,20,0,0
55117.279622249654,5775.898155014975,59,1,1
54150.36198995029,31153.756894694416,28,0,0
62407.74873554036,11776.795307886601,60,1,1
50195.02837816861,27171.585208254965,34,2,0
71803.01115735975,30213.16051922451,49,0,0
46030.147501430656,24983.108981479603,21,2,0
90802.53749884429,10683.796872819516,21,1,1
59385.01021647509,19037.300903366093,34,2,0
37142.63665375576,14758.043936090839,58,2,1
33936.612529083315,5962.981392698719,36,2,0
57237.08622864778,18243.59281721603,22,2,1
46648.05822011224,3209.6020884019745,49,2,1
60710.007411381375,26876.79388461564,39,0,0
57098.56436860317,10353.827027016068,23,0,0
48907.56631014691,17011.596558728394,52,2,0
37298.094228973925,17832.878715461422,39,1,0
27277.291629712032,12410.950262959226,18,1,0
43302.275718994686,20866.938014752748,37,2,1
62845.981914852084,10250.963433774756,39,1,1
53211.40616195306,23712.97297457244,65,2,1
31313.91831932018,1540.2031975325153,28,2,1
52597.71388776773,16263.795795464119,30,2,1
55779.76069593255,34389.28999058285,59,2,1
36742.138456983004,4996.686753944252,20,0,0
52305.87658918292,8222.550294751485,26,1,0
50873.13077669,20139.07849658915,29,1,0
32855.44553254065,16795.81781939598,40,1,0
55366.81040522425,18506.300992735592,31,2,0
58411.76789552352,19891.871301476636,50,2,1
66245.76864762916,21347.2146856177,35,1,0
65807.03078052355,26096.99841956223,66,1,0
29334.959480643633,19098.186569285124,58,2,0
35932.62440127316,12587.423453814576,26,1,0
57725.529008129895,21725.73701202731,40,1,1
57706.78926368313,33998.81934895215,27,1,0
57725.715294590715,13673.662536174264,36,2,0
107790.97235982082,5254.706953293586,64,2,1
58563.35766039751,26070.80669286973,22,2,0
67033.48460270898,13796.188360464017,64,2,1
64310.02645239804,0.0,69,1,1
59770.868769586974,23474.216771504216,40,1,0
45270.96133039481,9646.718140460773,47,2,1
61384.53830739901,14094.667176958392,42,1,0
38407.621781936425,18319.803305690144,45,2,0
46447.72089889987,16904.996797790664,51,2,1
42719.54678256345,22094.518171390395,62,2,1
51228.112090794835,10645.136294301567,65,2,1
84719.87850010264,20131.057981760827,64,2,1
21991.02211112378,12404.533224160828,42,2,1
60293.9028556177,22388.104808875032,27,1,0
25809.261932155227,21153.674840130534,31,0,0
42921.0220131585,5645.612979554047,59,1,0
66334.25895451049,25859.821161750322,63,2,1
50964.200286431944,9640.36554885952,47,1,1
33833.82833106041,23080.57798281145,58,2,1
39270.444361100475,18672.873134013407,42,1,0
60193.96623402014,33381.83676795123,31,2,0
39044.50052424295,12765.34017628148,52,0,0
53246.878843729624,11506.832038818025,69,2,1
50683.5775985572,14805.803941122675,65,2,1
40225.99478591274,11968.202171657245,51,1,0
82159.16133987988,22999.4190194205,27,1,1
59508.78533477017,0.0,52,2,1
20000.0,4463.17580853646,28,1,0
52796.814721541414,4321.97078420807,28,1,0
40073.20302847418,24503.075919735755,38,2,0
62786.50002194336,32106.133725819254,38,2,0
38112.188923509486,13955.507814625285,39,2,1
48278.95337799651,13311.782768099894,62,1,0
57574.80918470686,15700.521631131815,24,1,0
62986.327912551824,26618.783026081903,34,2,0
31995.553894163357,5726.46865809426,19,2,0
44982.481462385775,17383.68982734785,29,2,0
42875.82033258566,24751.976297824298,59,1,0
40200.06151139432,20010.941699398452,35,1,1
76481.81360421646,16895.816165987435,28,0,0
56074.725664414334,25010.46092567141,33,1,0
31086.740684974324,0.0,66,0,1
63767.92920582164,21778.753195309077,68,0,0
81832.3429551895,8459.243168725763,35,2,1
65486.97890826721,0.0,52,1,1
27209.4505106898,20112.02599524981,43,2,0
42736.48890700623,28736.585451629577,33,2,0
69003.66723779934,13625.514853723082,23,2,1
39384.958015718286,24528.74547202939,61,0,0
56657.291422193426,31122.782579886454,60,2,0
61619.510801440054,28149.144535840474,64,2,0
36096.04292632875,31399.64529371393,64,2,0
49107.119659072996,22421.274910718923,65,2,0
20000.0,15754.336389015927,59,2,0
34634.185379985654,0.0,29,2,0
46211.4777291026,12539.375118700515,30,1,0
31283.252270527257,6567.534046838082,21,2,1
74486.16955897454,36709.42717497813,56,0,0
28547.87933059051,13241.141875676634,19,2,0
43399.332699545244,16232.048067844857,43,0,0
51961.10865929137,20514.853760404676,44,1,0
71619.09933599173,15436.024463724538,44,2,1
28462.06773230841,31950.51040430753,32,2,0
67447.45628232439,8773.50638265548,25,1,1
50153.4959152938,16946.074552372425,24,1,0
35277.37023428074,7575.294143019518,64,2,1
56931.55211394906,1799.7748877929425,63,1,1
52985.895433602054,8882.309090947147,57,2,1
40996.74684261808,14629.63202951588,29,0,0
51047.031274850284,10706.9777548274,30,2,0
44220.2960470736,8075.79020126144,60,2,1
51702.76017876872,936.8253632816613,34,0,0
59931.9601178157,14168.944273713052,34,1,0
73790.25224218029,0.0,53,0,1
31432.767517597265,22600.559636896025,38,2,0
81995.500619844,15824.397529345033,25,2,0
20718.68300716247,424.48500535069434,22,2,0
47723.22357446625,11907.909229501365,43,0,0
58824.75809726865,7478.435944094168,33,1,1
54214.87801602549,18191.745104191803,53,0,0
40659.50720269109,28404.504460231445,45,1,0
46878.16624464087,0.0,46,2,1
42604.985980117504,16150.260791474171,64,2,1
41159.52864583683,13398.672044333596,29,2,0
62744.03145531537,21713.40076450466,54,1,1
55355.23228947571,17131.966282376892,47,2,1
39606.35607109019,7480.306682611809,40,2,1
63493.99813149876,11809.46064333382,33,2,1
54609.49281314914,7039.74143196511,31,2,1
62192.931782584405,25760.071385985982,27,1,0
59444.432628854185,15213.116486719422,24,0,0
37565.07483616892,34011.90685753008,62,2,0
41597.284397045456,14393.391861853792,69,0,0
61209.40407684893,7915.932330895373,54,1,1
59155.55398150197,0.0,46,2,1
49686.47609053778,0.0,20,2,1
51759.91074963173,0.0,32,2,1
69164.97343682637,17671.266510114834,53,0,1
41126.42916746255,20087.25023229934,64,1,0
58206.460717550566,0.0,63,2,1
46967.110213491585,23950.383140761154,69,2,0
46734.78195159169,10169.389483165605,36,2,1
66481.65277980786,16467.930119855493,30,2,1
62381.245234820446,31122.206282554245,59,2,1
62202.644540009576,23968.39315865532,38,2,0
69582.18210731493,12314.693520941677,54,0,1
50315.05762449138,6088.077745847126,44,2,1
60229.294569424455,0.0,69,2,1
45345.99865109816,7808.466807575799,46,2,1
54862.49528732663,12888.697611723055,37,1,1
48047.85418448473,5128.204728488161,42,2,1
51454.93947489077,13687.430329076953,23,1,1
58927.3553815537,15768.518829587681,53,2,1
37726.689751497914,12751.440181919214,19,0,0
81385.8091352819,8499.974191765403,39,2,1
34909.73927750447,16686.546719667276,49,0,0
31787.17080818402,19419.40649569409,33,0,0
67371.66310250101,4096.009225571539,35,1,0
61874.94040944404,29109.3237974627,22,2,1
59361.79725578232,14014.118677157383,53,1,1
59425.1826389642,15188.496229448476,47,1,1
49816.29840729628,22082.144232565573,62,2,1
36541.18442771253,17332.161312635017,36,1,0
51137.068372905895,24531.36633913245,40,2,1
39842.574327318325,17871.24165201824,51,2,1
64626.796001266266,8875.626253595621,30,2,1
47794.13927746792,18615.035252061018,60,1,1
37617.54204811233,3562.737926793383,46,2,1
45179.2123752051,16085.597057765232,53,0,0
56193.97181413436,14667.700093555392,39,1,1
41544.13170794038,12918.831427274603,69,1,1
37666.69406650353,13714.624885610692,69,2,1
53655.30817237868,0.0,64,0,1
53674.49856663084,9512.750922590385,53,2,1
42395.85236943305,15928.449011411147,26,2,0
42934.425415725156,16598.563919974004,56,1,0
53480.74906036454,4723.248590740419,68,0,1
28278.734877540137,27657.07840864701,36,2,0
28888.043384351673,6338.251517854991,55,2,1
39223.33668121346,24694.572005267368,23,2,0
46798.292724322295,19271.943618716847,69,1,1
54663.61348397007,8537.72690156197,64,1,1
72130.34325424329,32753.10892609512,32,1,0
62864.89434803029,3063.6316824351998,37,0,1
47600.922050548594,24191.541736100015,26,0,0
49714.75688145967,25005.823180429783,49,2,1
34962.05953043287,8293.797909233552,21,1,0
49722.30296011415,28924.653000643288,67,0,0
45670.120416197926,12499.534854010471,35,2,0
54840.778405071345,17886.93629279857,22,2,0
37591.53584671515,17603.218387712208,37,0,0
57790.197713617585,13656.912585294522,40,2,1
72991.08369503866,23108.08273159782,28,0,1
48368.597773147136,22934.88720552213,54,0,0
56025.67583148412,0.0,39,0,1
60352.159875666686,28043.402428781526,21,2,0
43981.692921712456,0.0,46,0,1
53361.38722715625,25325.462043416574,61,0,0
50188.88601172692,26267.051368275832,51,1,0
51465.14147823248,4090.335697848017,30,2,1
38404.853242168,10891.857120454151,59,1,1
50367.652613884144,3942.953315140643,26,1,0
57469.974368681746,12850.789697112647,59,0,1
71767.15411692562,11919.657158142587,48,1,1
64389.0623912781,22796.6053226934,24,2,1
82297.73686267334,28103.087461196083,21,2,1
38489.78655667926,28956.83810789956,36,1,0
63084.80955081017,9378.319734216979,59,1,1
52750.130086075274,12907.781262554723,47,0,1
82847.04399826509,0.0,48,1,1
37875.525719672725,6941.299335038112,52,0,1
37404.17236728836,24648.516330974577,38,2,1
41009.11031833967,31155.828235482317,48,2,0
20000.0,2656.511281200779,36,2,0
42113.674674788585,9075.357408471056,48,2,1
38613.01007669453,14735.94243041073,49,2,1
52255.906797143114,17801.61158819607,19,2,0
55126.339636657394,6903.9648007835385,69,1,1
78142.56258823829,19240.610444640897,27,2,1
64256.35757279075,10261.606529290839,19,1,1
41346.44516506395,14855.477291217208,19,1,0
36523.77992977463,20462.842480036998,41,2,0
57378.78757259758,15064.222698109379,34,1,0
30196.501894690366,10636.141094734314,49,1,1
77471.8814878153,13903.901960741692,33,2,1
67691.60181081931,14116.370407946646,33,0,0
42962.365218429426,11299.889701178723,63,1,1
24302.98206363684,12412.039373328977,56,2,1
70308.0856124812,30986.47170504717,48,2,0
48281.902321210735,20609.19447941239,60,2,1
68567.24467960192,12045.196819708397,41,1,0
26083.585118084495,21969.544045107355,18,1,0
41009.374655693406,11661.805102439901,28,2,1
50078.65549577275,26731.246375866413,38,2,0
50704.70890647113,18696.42192198094,21,2,0
43249.01792781134,13926.978559957712,24,0,0
59342.748985212485,19477.169258102775,43,0,0
33985.69355926108,0.0,64,2,1
47864.3077246806,3732.325310901948,67,1,1
51804.434475678485,3060.749936009446,29,2,1
57716.582510881235,16429.43094763707,48,0,0
60674.223171333346,32325.14999485092,34,2,0
33130.36862243196,37313.001461926324,50,2,0
26988.287438965664,21380.511014407573,28,2,0
69165.15232847763,20008.44474944457,45,0,0
54984.71017969387,0.0,49,2,1
38772.701951651696,9573.262002659783,18,2,0
73267.27963283785,7122.162480917611,64,1,1
51735.11951439288,8791.524017488839,45,2,1
67689.45776095739,13318.561814152104,59,2,1
51012.777221151635,10279.094223028726,24,2,0
80911.21887322981,0.0,19,2,1
76330.11263664806,22479.10256117534,59,0,0
46265.5377728139,4272.569742601934,41,1,1
64573.56426431533,17392.468641111496,21,1,1
59680.639243777216,35740.82669749974,61,2,0
70529.47336298523,5806.1540841357655,36,2,1
35526.14809129843,0.0,43,2,1
60290.77189997659,12139.957781198893,28,1,0
65876.36730274382,26009.59634998571,57,0,0
23618.907703653287,34583.474542205935,67,2,0
32251.122310013372,2704.5040554758307,60,1,0
20000.0,19966.992232365217,28,1,0
45958.89748333163,10346.895432199468,62,2,1
60763.133836939436,13940.516456958643,20,0,0
72535.35578144042,41443.43347017035,29,1,0
51111.42170629663,0.0,20,1,1
74429.23318356938,17537.396614945734,59,0,1
29298.47812677663,19676.931717654334,44,2,0
24449.26340967268,25857.86324939347,66,1,0
49166.78451655072,15979.831534708954,19,0,0
55760.98173408961,18080.505395041022,66,1,1
49509.578778588606,11083.51432578209,33,2,1
20000.0,17691.269412451074,19,1,0
48663.19940730817,11568.077245025896,47,2,1
30432.957492427202,21215.71889856051,37,0,0
60045.08823245058,11303.89663956366,55,0,1
55498.973691452724,18771.003939021866,45,1,0
35901.80320508967,14707.371863150216,42,2,0
42291.9962399496,26260.50250772168,49,2,0
34111.79717166573,14486.062764115137,27,0,0
49059.813540902425,0.0,59,2,1
64327.134807518574,27619.215007139916,57,2,1
35214.10930496684,5942.676991373812,50,1,1
57560.697732767665,8462.336613511801,30,2,1
42046.13572441339,9043.387059565079,58,0,0
38106.907516064835,28744.380931708176,59,2,0
48394.544600681635,0.0,64,2,1
34471.365163709386,46377.48533659994,54,2,0
41695.26041979227,25560.56809066052,33,2,0
32031.831611167272,17232.3891412916,62,1,1
79470.87699374584,14451.059993837136,39,2,1
50528.95327957593,17855.540748576568,37,1,0
39504.117380111216,20211.22428379338,67,1,0
53209.69866101333,21452.15585950057,60,2,1
48315.07925463755,20556.044660034484,44,2,1
46685.45600700165,15895.806812552488,58,2,1
59212.50050065138,13026.615796926739,33,1,1
61362.61565070957,13487.267163464883,51,2,0
42042.48278584209,13050.91719647319,49,2,1
41362.7263903298,26337.700968670644,43,0,0
45874.22454272534,20935.56722280862,42,1,0
20000.0,0.0,19,1,0
27272.134067021718,21559.00776529761,29,1,0
70503.11401166787,16947.36194718775,57,2,1
74674.51570251926,14812.912435541026,26,2,1
46264.45940665432,11114.815469111141,29,2,1
58648.35444583649,26241.127199860137,43,2,1
54668.75231815304,24475.264621228576,26,1,0
96183.21212682856,7271.223321763909,27,2,1
66793.62367151865,19070.52287124535,49,1,0
48081.2361277885,5283.432654587141,51,2,1
35666.89339099362,1203.8183521106948,65,0,1
25903.30519613641,8732.827754100348,37,2,0
53051.954538008344,23623.934723827588,56,1,0
38654.73882073545,24531.25045376087,19,1,0
28666.19435603489,20130.854200972928,18,2,0
40301.4067363621,22250.95786847997,68,1,0
33776.779945784074,20161.782871149582,53,2,1
75307.12452608848,8585.184047770479,41,1,0
63224.59635424176,19319.22544673941,44,2,1
49880.41038025074,23004.095252276824,19,1,0
72199.16208335038,22542.913298135743,48,0,0
51160.524614714275,26889.13371474643,31,1,0
37080.73698007604,22083.038472010638,19,1,0
72846.86115904486,18514.482075415828,46,0,0
58083.65065526988,25701.502383164276,32,1,0
34441.30768510315,14734.787407509399,29,1,0
47144.91982874588,6181.253487722823,54,0,1
36865.726199228644,13369.33036056236,45,2,1
29258.00403553496,7550.973551935509,37,2,1
63892.66321297462,8248.217250256184,56,0,1
78641.24960705196,13554.813292844821,41,2,1
29021.486392712883,7075.800790000387,38,2,0
58444.538550358564,11920.384703609598,27,1,1
40240.361463172594,0.0,63,2,1
42693.11924352956,17132.937073729387,31,1,0
41114.09113641696,15012.054753622242,54,2,1
37040.138454802756,6829.113689318094,35,0,0
50727.82441917241,21592.45668432405,41,2,0
37535.748253834434,24375.701376265584,31,2,0
54056.85238669758,0.0,51,0,1
49246.42835826294,7372.752214337857,29,1,0
46415.77929700386,7308.576502127018,39,2,1
36386.545069376036,5600.968988911354,23,1,0
41348.43004147501,23294.748419317482,53,2,0
61330.86838738634,13061.738612271965,62,2,1
57513.75781436571,12354.851586893892,53,2,1
35336.67132802174,0.0,39,2,1
51489.98458143839,21354.180302092263,31,2,0
61270.80685057683,2607.416051465274,33,2,1
24958.920783179423,15599.326302663283,53,1,0
58150.402885699026,17773.769379581918,42,1,0
40060.643615812296,28606.58595838651,49,1,0
58558.98002889739,1911.7960088088785,50,2,1
38551.11265186225,0.0,62,2,1
22926.768490032213,16838.49544753695,53,0,0
25586.86343175256,33005.11181510854,37,2,0
50721.27419992073,27389.463529394372,35,1,0
53895.83752582223,17096.594152746256,55,0,0
36435.25062343387,10083.638143679527,20,2,0
59578.88688166061,23071.225966373102,40,1,0
25077.1990659656,5264.538002955314,49,2,1
49008.80302029025,19763.57769356219,62,1,0
31834.75700356315,20054.701591666268,33,2,0
40222.45838296761,25602.099074988797,22,2,0
50710.98006974621,42596.600389110776,21,0,0
37093.799520740715,18924.15967178767,38,2,0
44231.66683655262,9910.363742925012,57,2,1
65094.39213821661,14744.256878080056,68,1,1
41346.62195715277,0.0,31,1,0
62535.38168097712,8052.8686891094185,56,2,1
33054.397180135726,10907.17561886896,48,1,0
57947.06266872924,9759.116020654075,31,0,1
71623.5293098685,16523.54872033722,23,0,0
20000.0,6775.800676177994,29,1,0
38046.57116794285,26210.306673244715,33,2,0
58656.081907708096,15002.070649181971,34,1,0
46954.31920935511,14906.996788613857,62,1,1
55567.188100569634,11721.052834870821,40,0,0
40940.22219926269,16551.90683858979,31,1,0
51298.8468120935,23250.982646676348,24,2,0
47664.84146911881,6328.697842890997,63,1,1
67516.73092489711,8418.835109247433,49,2,1
53816.31264951819,11962.739712233353,32,1,0
55064.039931128034,1541.2907652678514,61,0,0
43821.84550816299,6807.421402785023,34,2,1
42685.906638912595,10237.791264553409,58,1,1
43511.627182705684,23743.891807127275,64,2,1
55916.78213567445,17625.61329001925,61,2,1
43685.232787696055,16935.899113675445,51,0,0
54346.62285344619,23508.979621679722,22,0,0
81131.01197968159,13626.282116006034,62,2,1
63066.87055147538,18904.648499288895,44,1,0
45109.647017482384,13967.782470675038,69,0,0
68018.20883245918,17653.623493996285,40,0,0
43878.86940467673,9172.41342388418,57,0,1
20000.0,0.0,31,2,0
34878.70533623894,13657.208378136958,32,0,0
21938.121184612166,29227.4813609994,60,1,0
44727.297739380374,24262.154022415925,50,2,1
50276.27568784328,24653.974845911707,48,1,1
75146.55968412924,27361.30721806218,52,0,0
54903.910606462436,15886.575909614374,34,2,1
46713.49206786704,16973.157074055955,45,0,0
62441.083717752335,8823.4810456565,36,2,0
20000.0,11839.271439729502,63,2,1
53534.21837162849,21157.711497711414,40,1,0
61562.9779083045,27038.844371688163,49,2,1
27821.206313302377,13605.537243190005,57,1,0
67156.31064810394,10498.107351485884,30,1,0
55077.44611241621,15005.279588565973,37,2,1
43770.681291487985,21012.06748929115,52,2,1
59491.72799159427,561.4518386645814,22,1,1
84060.39286706594,0.0,26,2,1
52727.99382587743,9494.631505084166,46,2,1
53723.30879450504,2792.8757408584133,23,2,0
43109.58650689634,9918.59802352689,42,2,1
37252.33445802813,13522.196811825284,48,1,0
62455.03724816369,10467.515909769867,39,1,0
37158.74261136699,29524.67534470745,19,2,0
51073.49355829089,18267.4476460232,62,0,1
42835.13829852325,18004.743596108285,22,2,0
57184.697386195876,21222.071440434018,44,1,0
55004.931579304226,3611.6688221923087,42,1,0
65563.0991638685,25391.117874202686,25,1,0
42349.75401717879,14242.357134645401,18,2,1
45951.87597059943,21704.806172412125,37,0,0
35318.54426326539,4281.427669598446,61,2,0
43335.60109885833,0.0,40,0,0
55659.50739567279,23178.896580250286,49,0,0
61354.829249680275,18764.095260975166,28,1,0
36167.52013733562,5979.484456424896,56,2,1
63044.088801584905,6303.369187253056,64,1,1
70334.56788207426,26254.347844147695,41,1,0
56201.523548355515,3105.881071326721,28,0,1
78151.937188371,31426.729532559635,46,1,0
38393.1620134464,5993.792653521312,43,2,1
31330.179450328746,21383.91925608383,33,2,0
23319.19626643582,11713.815242510154,52,1,0
72440.66467233775,21031.87431082343,37,2,0
59815.484845310864,9558.859978858074,63,2,1
49166.229936343174,13372.070939277059,20,0,0
54199.529394797304,15409.191753957211,18,2,1
33117.66429052435,4978.125442185274,64,2,1
86686.27969425239,22408.24345420126,18,0,0
51938.31772962841,9867.864335284148,34,0,0
51640.92191907339,12714.000846599814,19,2,1
60886.49935848038,5056.506253914877,46,2,1
57215.1384760507,0.0,37,0,1
53358.26036418697,13089.72237399831,23,1,0
38142.88316832032,39126.15421612916,25,1,0
57072.025357039936,22846.04287898024,46,2,0
78230.3674471255,14807.396202656053,65,2,1
70181.30069232467,12371.091707917323,68,2,1
73897.79939959096,15224.658928120463,50,1,1
42331.76485353222,20471.1911517521,20,2,1
35155.92769612129,3191.871846911552,52,2,1
48113.19619850528,26143.21694668872,22,1,0
50835.87368433042,22153.81315441244,44,0,0
66412.87277706423,22181.857257079344,61,2,1
24613.03055427771,19384.757388097274,29,2,1
72943.2547919092,15196.166576939899,37,1,1
47629.88152131516,21728.6123596682,62,2,1
43596.7839507887,20918.14133741378,37,1,0
34818.434371097486,11459.592890589762,26,2,0
25177.14992201346,9263.98227103099,56,2,0
62347.55875942872,16018.562952619866,21,2,1
51099.76950782606,30490.201514951874,68,2,1
30650.58650388419,2608.9292434609906,36,2,1
30573.818419045758,324.747342475599,55,1,1
44963.229510648074,16647.608412365167,44,2,0
75035.32287934089,15508.87701856018,62,0,1
46106.12972954593,16733.416643704084,60,1,1
27452.855703228408,17439.531979085004,30,1,0
46313.85403871084,12767.977453651949,30,1,0
45909.146453784946,29898.63438602082,39,2,0
20000.0,0.0,45,1,0
49185.577002232814,6715.029752197541,69,2,1
46535.98204686983,13967.452398509526,64,2,1
60443.095472201276,0.0,62,1,1
77734.34142418018,13241.455955679288,39,2,1
66898.47544321636,31614.70165728018,60,1,0
45966.669641677545,15208.864882959619,36,1,0
33402.11136887495,17307.009057186835,25,2,0
88600.3970487479,2398.3523482741966,69,1,1
50888.27651021732,8836.385919605225,25,0,0
50208.939378694195,11248.03619676063,59,2,1
49638.12369334995,11822.84903243766,43,2,1
52971.271411517824,27816.43795003769,65,1,0
47834.593821140865,20576.910607251244,68,2,1
41395.069896796456,3885.4204306296797,43,2,1
41797.115881394115,17465.04778432005,40,2,0
49508.70094676002,19982.217484967852,60,0,0
41848.62843299352,26401.490385212666,30,2,0
39307.313259842536,30805.406865683733,45,2,0
51596.453415378455,4849.058081721314,26,2,0
46175.34173868717,6891.424887896618,37,2,1
72559.89482874033,2424.2214108538374,36,1,1
20000.0,12659.801408930187,65,0,0
66372.60277883692,19663.583744463343,56,1,1
68691.27788746444,24873.34516589102,68,1,1
20000.0,14240.489763574773,29,2,0
44859.68608879477,11801.52476745156,32,1,1
44428.38701006313,16517.579922487403,48,2,1
28887.32457923268,6648.57098369977,31,2,1
38332.74968613687,35895.38721694773,28,1,0
33341.36231801257,0.0,43,1,0
76284.05665135435,16847.405788957243,59,2,0
64035.17589721191,35236.06219229639,44,2,1
69073.32642491237,15067.998445599978,28,1,1
60825.08096064853,13099.609649985056,55,1,1
33064.22343174156,11425.545771895728,51,2,1
42132.196005803395,13196.083182375922,60,2,1
57340.61841841877,28728.4847467653,36,1,0
31668.082866620818,0.0,23,2,1
60694.97645258582,30334.337012963253,63,0,0
46395.119027627974,760.4284754985492,69,0,1
44377.68788675604,12333.476707655853,55,1,1
60664.39952305237,10707.555797013381,66,1,1
56663.9496722906,20885.532697707196,59,1,1
44585.507512713804,0.0,45,1,1
67389.94705046373,19621.72666081943,18,1,0
33784.05008600154,35243.09623286853,52,0,0
59239.034104163955,1368.2599540718948,57,1,1
58896.51886952575,16897.061676103956,25,2,1
45356.803410290144,8380.178222033908,69,1,1
54891.99533363177,19258.872061930357,64,1,0
31233.296354220456,15191.47777415752,24,2,0
63860.40528810352,8585.130909556905,28,2,1
47226.46795335517,19878.72284871074,56,1,0
42159.154692214404,33043.481097867436,21,2,0
65735.13838755334,13090.962082727014,42,2,1
39434.84464185861,22197.57942148182,29,2,0
28873.080554546606,2067.2704212883637,43,0,0
26650.562397141442,5435.636231819912,55,2,1
59090.14927018459,19724.062778803775,63,0,0
30793.559712555754,29841.16028535965,29,2,0
76321.91272976546,18556.1334878566,60,2,1
20000.0,11869.419694768458,68,1,1
75446.84552435057,14992.91405423354,54,2,1
53165.26200803927,2495.9226603028255,63,0,1
48549.30332194411,21045.153263553668,41,2,0
41826.21369786575,23823.33062323409,33,1,0
55987.04171528106,10479.096671669196,30,1,1
49435.47946362727,10299.578522404985,42,0,1
66549.52823024782,17658.782296520483,69,2,1
51713.41472993059,10632.802639594045,21,0,0
52254.52642192817,14338.673853741775,28,0,0
44545.81681679216,35997.217891665154,49,1,0
49145.81564418399,12529.742992540034,66,2,1
54617.026533380886,11416.598479787777,24,2,0
24347.474110150615,8524.581943648409,63,0,0
29777.218668414305,22441.919714999367,28,1,0
61148.96141034072,13187.75826781897,45,1,1
52562.981571919125,8506.26961678574,58,1,1
47240.24995470981,28213.04032273012,40,1,0
50276.5089959809,29196.030045136373,62,2,1
55213.72558042507,8995.764342612949,40,1,0
41903.60479535958,0.0,67,1,1
38325.42911896531,25075.136898369223,45,1,0
52937.67882646522,8153.7017423999605,60,2,1
35324.40833577452,22906.255991627688,64,2,0
56123.79133571708,0.0,43,2,0
24461.245936432395,23925.973382993092,42,1,0
65437.33455988466,2888.280707192187,46,0,1
57088.96223619564,22307.641190665243,36,1,0
53840.44601470813,15142.730678364342,50,1,0
64740.36475918271,5460.605806033551,53,2,1
74982.11666693864,10929.636870732194,31,2,1
65215.55097527196,21863.18456956701,31,2,1
22386.88653002532,16058.944531152341,52,2,0
30806.345498964478,20844.129804724842,47,1,0
40627.72133456482,34764.405845154855,45,2,0
50391.36575316251,0.0,34,1,1
57764.88530703685,31172.125749686238,20,0,0
39113.84280269802,16043.55937523213,33,2,0
52801.50146715617,6012.159516768717,63,0,1
38669.256014700164,1696.8637426101013,47,1,1
40827.23295512078,13108.796092229664,69,1,1
28900.083547276667,24216.501119244593,46,2,0
36151.50130833643,13724.508796224658,62,2,1
29724.730915754997,30111.549302473475,32,1,0
35361.90120534001,488.2430994844108,63,2,1
65804.62694911759,14879.110521539455,42,1,0
35759.01666752085,2476.0655558688086,68,1,1
89485.73097256086,18636.318826249677,55,2,1
57399.76851321334,23868.873900973005,59,2,1
52772.54185542311,10792.382063189467,64,2,1
37124.6332972818,0.0,69,1,1
60504.64819113487,16989.481467964946,55,2,1
41365.43260643339,19367.385517335097,40,2,1
51830.147219680424,19042.947549616976,42,2,1
88401.26807403192,27357.82191822154,59,0,0
48559.10150413025,4289.463203509511,24,2,1
67239.09989428514,21802.161054504493,39,2,0
39452.35362311169,26925.07512477975,34,1,0
49475.17264254557,0.0,35,1,1
76562.00953453264,18196.518259189772,66,1,1
40595.494133183485,9958.201689923284,58,2,1
77186.72836995393,14184.773268983541,27,2,1
60616.279031832135,18476.764835383365,27,2,0
41562.99836158598,10127.714358864476,24,2,0
59486.116085832815,8242.919208383883,65,2,1
64588.316744400945,15341.524174880245,67,0,1
59327.149433257946,4127.540611371975,55,1,1
26446.629201643154,4141.748711148146,44,1,0
39092.94236262697,21793.732829565033,69,1,1
46287.22046672743,3512.0596484134385,50,0,0
48883.498563499306,21663.12500909212,18,2,0
59310.08146326017,19625.91292853951,61,1,1
52665.51501399881,0.0,51,1,1
29969.83461934848,8224.35347664345,21,1,0
55702.967765089445,26941.094030473723,34,0,0
59158.786179257346,5188.344688603183,21,2,1
58396.856718965595,10355.957376906124,60,2,1
66211.71088331932,19620.608932518964,43,2,1
62508.83231823356,22833.905092825953,21,0,0
56887.70118842655,12484.611139555043,18,2,0
48947.51432812029,9024.898053083583,24,2,1
25085.58599726013,29223.69861698508,47,2,0
56444.273286988784,32388.99663797579,67,0,0
53115.31530744667,24788.580507817955,26,2,0
54073.6825579306,15853.18142565024,52,2,1
30848.77136269536,6917.342783590736,25,2,0
33784.151893876064,6695.555934434347,41,2,1
65797.29279999355,20225.141052657575,36,1,0
49406.672692150176,19183.98220888684,53,2,1
60222.510460589365,29015.985929464296,67,0,0
50424.77564195692,21504.50092536139,69,2,1
50446.34209243618,0.0,60,0,1
64074.25708963996,25519.476177229186,44,1,0
42259.32907673939,5019.393726855871,49,1,0
51441.811654114754,11160.287280476485,31,2,1
43065.87066942436,17502.002062516945,35,0,0
43482.55658851527,34956.67489783964,45,2,0
45362.41814797041,46099.18556005361,46,2,0
53332.00657450569,21067.230591361826,33,0,0
42818.77067504784,13168.033812796122,52,0,0
68836.34188360281,20345.056484805504,64,0,1
36580.89046670744,23876.55425873836,48,2,0
47196.92533757961,11793.323744428082,21,2,0
43404.034125887374,32952.11355912322,54,1,0
71704.668265306,17300.70759191402,34,0,0
52948.32164767362,19977.430890913944,56,2,1
65477.66809202952,21659.242520544612,65,2,1
27716.59440444542,19215.866106144556,63,2,0
54005.75398803888,23389.40500469612,43,2,0
63344.46193435155,8827.468134530769,65,0,1
51234.259839131366,9416.982460539693,56,0,1
65982.20562598026,3998.457670283051,58,0,1
42240.673248494415,19395.012306202265,21,1,0
71140.2116027837,22789.36503512114,47,0,0
84483.47185428876,19577.728661518857,47,1,1
44557.42159340512,31744.924333475374,39,1,0
43317.462178988426,14944.039811709534,28,2,0
71800.7671567655,21687.416555925127,19,2,0
73693.58218596068,4082.991238606857,61,2,1
42157.09959270098,11129.00297525599,29,2,1
43697.19774356214,21955.377575657774,47,0,0
45773.230867092396,23491.02110743144,53,2,1
29833.242334485843,12060.330523358178,35,1,0
36220.22080273703,14284.007481419332,43,2,0
34937.88849871898,0.0,24,1,0
38483.03652343807,11429.707991933907,18,2,0
49479.72668919828,23903.83163519786,43,1,0
53513.22098804781,20752.050161065665,40,1,0
73257.50739221115,20006.657213812097,43,2,1
35024.68938891814,15497.7368718096,62,0,0
64764.83597714876,15070.631586281765,23,2,1
46790.16733661736,8396.78860526553,23,2,0
49258.044355213504,21988.28420202535,61,2,1
60122.29238249906,19209.7294438939,25,2,0
33159.16967656552,19920.188479927994,41,2,1
55736.14619276076,9739.651573324196,39,0,0
52496.78312319584,0.0,36,2,1
57386.76896012224,25971.527117536956,54,2,0
54337.52965861727,10211.625439915959,35,2,1
86829.50209866342,6372.242359568794,48,0,1
40433.900236230256,21934.789119139936,54,2,0
42035.04567497274,11079.873600808703,47,2,1
40652.89210362853,25599.36384046622,59,2,1
41667.843212596184,21170.059495766975,50,1,0
40439.19309040223,21835.693232004778,27,0,0
67835.24796661327,1340.4428879946572,54,1,1
71307.56371984782,27119.439853864005,29,2,0
41438.805593757854,17612.50531233856,47,2,0
37514.66640343657,11307.228607537969,44,1,1
57071.23334579606,16433.88467342251,56,0,0
41716.65433578543,0.0,26,1,1
59493.97726633266,19086.528114806708,38,1,0
53043.845312769496,4706.284918179284,29,2,1
27263.838275041522,1473.2971415646552,46,2,1
73212.57801995092,0.0,50,1,1
76938.16509643283,26126.88374989925,60,2,1
40808.16964273421,8707.366063072113,32,0,0
44184.47660096024,30337.277099164992,19,2,0
54287.98086087358,9641.98536947702,69,1,1
55016.851849805375,0.0,56,1,1
59878.164090092454,3834.7556005134084,61,1,1
80153.06808149524,27358.116200069388,35,2,1
47345.79158758926,13441.018220633325,20,2,0
38025.541331923196,9517.12703509399,24,2,0
29310.21157978209,16600.18225852788,60,1,0
39036.04940087121,20017.82736167545,35,1,1
49503.095406893044,26173.988159024608,61,0,0
76918.36795276681,29484.99229892926,55,2,1
42235.830514457426,11402.313542109143,54,0,0
53356.819274583475,1739.523139179617,50,2,1
49753.65655890872,10865.348388767241,61,2,1
67825.89910172127,17602.805065828863,48,2,1
87903.98638810433,5362.410737893892,28,1,1
42036.96840619519,5428.490851049572,21,1,0
42658.40836222667,18437.878815498854,35,0,0
65662.41315603608,14513.476484295488,21,2,1
60228.37234439467,15327.969954115864,66,2,1
77700.6098860405,7415.0466529993055,51,1,1
58758.92277988946,12695.992857942327,46,1,1
44610.61863819411,5757.668557316956,41,2,1
58859.82246038464,23901.984111247868,39,2,1
66630.55370874362,25352.493347237527,19,1,0
62307.23271796046,0.0,61,2,1
57609.11046660947,5704.891398075899,23,0,0
66000.1203438373,34.70744909920904,59,0,1
67539.4338566851,8499.760655931019,42,2,1
70732.38486556291,14165.620302096391,38,2,1
59730.64831384464,503.54780301469873,33,2,1
47493.22879524718,5781.401868746869,48,0,0
52200.705296499844,4960.426279185014,31,2,1
68097.63449762535,17072.67329398944,56,1,1
37745.964935191456,15693.443370362504,45,1,0
55530.099633093516,7782.624466627467,49,2,1
44099.91781508959,16768.20872139398,45,0,0
50431.17234402226,9533.199154127346,68,2,1
69176.77793910948,12283.448896739468,66,2,1
52866.48602029855,31734.52090298537,26,0,0
50696.54822234223,28404.61051790348,62,0,0
29602.15788530121,2004.1876307240236,39,0,0
61193.80349040831,23297.324178791743,49,0,0
59682.26271711613,23113.96554491592,22,2,0
82448.8208495819,3517.3671124738175,40,2,1
45383.32647570499,23187.776437548608,22,0,0
53287.254914959085,30379.31918412553,59,0,0
53740.75525566133,3774.5519375558615,49,2,1
73661.79919645212,5824.971789857364,27,2,1
48570.567014195716,25176.614668435024,56,1,0
54185.32288655509,17714.95310825648,32,1,0
59118.44764574809,20514.762752395232,24,2,0
52799.13684734537,18405.892164004967,46,1,0
43303.49578174208,18906.959209281442,64,0,0
52911.34989347462,1735.27871688917,20,2,1
66104.47624789659,25473.177066214485,36,2,0
34602.270508834095,26695.899924277735,27,2,0
51994.54511220314,12706.092559319723,45,2,1
39498.1877759124,14565.230501861375,46,2,1
67925.69943387264,0.0,32,1,1
27152.19642824338,20142.547560178347,52,1,0
41616.17229092617,20720.57441714144,23,0,0
55658.17812596781,14378.08983000689,29,0,0
73482.86043851511,26243.533598705028,64,2,1
49013.746083905186,11659.227690200594,55,2,1
41672.00709960202,20646.059258936002,30,2,0
78217.35604160884,4803.356613078844,46,2,1
28279.79149375634,14764.47849125762,36,0,0
20000.0,13256.457420971641,20,0,0
56600.216750799984,17253.079220409418,25,2,1
42469.18663471083,11304.730711666414,25,2,0
34681.5077430393,13685.274043283322,37,2,1
60625.3467094903,23260.471714415064,64,2,1
53657.010706567984,10632.357627617825,21,2,0
41538.820538949076,0.0,68,2,1
30795.434019936583,32495.839042054205,38,0,0
63086.859924202174,28814.540786904865,20,2,0
59753.017669379915,2077.373048943813,62,2,1
48512.36204330926,21897.078052451943,25,1,0
77699.554940715,9970.252294486569,40,2,1
33948.72850510771,17634.872153310596,33,1,0
27117.122436128917,17942.241290134938,30,2,0
39621.378951781335,12655.92199683678,20,0,0
49316.209754667536,7162.343344136035,65,2,1
53650.091739840376,8094.589476837406,26,0,0
46381.459132155054,5838.080845187575,31,2,1
55280.83094771445,6681.777917695552,30,0,1
31226.90863714334,14328.217099506448,24,1,0
71656.46906109889,7842.400108892482,32,1,0
48767.732324111465,21820.5206571262,24,2,0
66759.43747382192,29872.461553359273,55,1,0
55140.88019566556,9199.46758629957,51,0,0
56851.29828730676,17394.04500535377,58,2,1
58546.50920348306,19996.851103029338,39,2,0
56715.628400259724,19720.022709192745,41,2,1
59640.84139801316,15759.552679160874,66,0,0
69937.28795198648,22426.824183597222,54,2,1
52947.817545522055,19822.489526806574,61,1,1
60635.05636382769,2623.3757767270217,18,0,0
48653.964585691596,23691.56064389273,27,2,1
71601.75823174209,23872.90837266742,60,2,1
39854.115469110955,7367.138958214185,33,2,0
77014.10649366223,15379.37835447602,63,1,1
49397.63074033485,21833.289928110695,25,1,0
28538.373468229278,12906.861804206384,66,1,1
51921.56622366184,25729.78047766012,42,2,0
39784.22513787678,38638.72494619361,67,1,0
62609.65323483086,7140.1396736501765,29,1,1
40210.640310464136,1189.5539684622509,42,1,0
43307.248501778304,18038.185956048757,34,2,0
21656.889035817036,22215.625051261435,43,1,0
43215.405211263846,12691.336261552311,63,2,1
20000.0,29532.606633210344,65,1,0
26241.45764771415,1613.9420027675114,31,2,0
61406.21984216446,21929.18623031611,58,0,0
61787.00237976248,8941.391792411066,53,2,1
56381.86342677447,32193.77906207297,40,2,0
35495.3578530618,34925.15353168118,60,0,0
49284.3296578703,7333.434122166521,23,2,0
49945.96191364148,9504.428640914199,64,1,1
32624.529662111858,23595.87886979802,22,2,0
72550.97452650726,11128.693502104854,60,2,1
63160.43435863507,14545.887820677617,42,1,1
46685.53739255504,15253.884205424101,35,0,0
50403.28758491796,0.0,30,1,1
53125.74211921329,14861.622539057627,60,0,0
20000.0,8102.722259358262,31,0,0
46292.339262191046,10068.771776002279,45,0,0
39770.23628003302,29436.320034688142,35,1,0
34975.69985157627,2434.9310572074373,45,2,1
45783.495606710676,23132.05186747977,68,0,0
76965.29790274284,12210.370696681915,44,0,1
59612.64291900515,12202.398315041657,49,2,0
41432.31515325805,22903.718960517115,64,0,1
58588.74172034238,18400.512945688904,26,0,0
70990.33154879004,20706.12997219531,57,0,1
63869.50524369153,24681.84660532861,49,2,1
50894.45554880261,11686.916168166772,37,2,1
40295.94833441639,8877.632654922498,45,1,1
60473.34970420385,4148.49473442202,50,2,1
55902.28078132625,6745.894700210449,21,2,0
63427.89830041598,44490.94425308725,63,2,1
59527.57702522954,27446.795807367867,51,2,0
65743.29072979002,1489.2563379197873,65,2,1
41971.47182659148,1775.4204325642986,20,1,0
69760.91098451489,19818.660617184916,43,0,1
52963.994070386,20472.64797377967,25,1,0
81128.91308937898,20488.838353173644,23,2,1
39662.18272865648,12450.44206446302,33,2,1
76039.45704747873,13745.457399970997,41,2,1
52968.66175193972,18278.795241593572,65,2,1
40228.72994578327,15858.930062933305,56,0,0
42741.71248918518,0.0,47,2,1
45194.7903770852,12702.003694248062,62,2,1
56362.48919602875,6485.9356573968635,30,2,1
57842.5323205325,16752.11418908512,22,2,0
41394.49994092131,44852.5900260341,42,2,0
49634.68111608526,18674.816654743045,37,1,0
82134.05537917795,11864.703138276021,35,2,0
75913.14755151067,24218.015019772523,64,0,1
56544.85504511048,19826.878872092126,35,2,1
50570.05217252301,19200.944904518412,19,2,1
51800.46990077392,21068.50593215671,27,1,0
59202.769590956246,35565.43564829542,62,2,1
34658.111522023915,3691.1156467408437,67,1,1
46139.35193864982,19736.320768114543,64,1,0
24971.238891836158,5736.188700184615,29,1,0
55988.34683907919,20555.126463422483,64,2,1
59707.939095541115,5813.134885139056,30,2,0
42752.20306550939,10826.331863949155,67,2,1
73609.80144935049,12049.100857620937,64,0,1
31613.515054964882,24758.16719344709,28,2,0
28034.376796852695,24184.54443942414,36,2,0
53366.77727839958,2542.826235536155,52,1,0
65706.47453918232,15549.341109998488,56,0,0
75258.91537186803,7904.201452508274,43,1,1
43116.7360569659,2414.9508932466542,63,2,1
66180.21250146943,12829.829495756296,31,2,1
49422.372957489395,11915.172115441803,62,2,1
47410.59050088771,39267.164863455226,61,1,0
63254.89906230009,19329.59825360696,41,2,1
59784.84317620129,1223.8249924576266,58,0,1
26354.11764523626,9352.259958290579,18,1,0
72148.10524588844,25213.832954293983,68,2,1
70701.37031221177,35884.42772869925,60,0,1
40616.55947735706,0.0,39,2,1
55937.05300156114,0.0,40,1,1
57410.45279424108,33709.65175371782,36,2,0
53910.10648735861,18896.141773709038,35,1,0
41745.422692318694,6317.0726812363355,29,2,1
39925.64948092923,20346.290861224352,45,0,0
49616.688935128324,0.0,45,0,1
67590.93528889047,15033.75506597161,50,2,1
58154.002318916486,18278.21172843085,36,1,0
44440.78501870841,24242.701395378295,45,2,0
61575.48065972517,4861.040477074623,69,2,1
20000.0,15856.871614033591,66,1,0
67231.48550558156,5745.7537394041265,54,1,1
23904.293318328506,17553.837556743172,43,2,0
44563.38587895302,6046.536776369758,52,2,1
33204.95158060784,10918.991608397793,51,2,1
30579.777864186413,5041.84605209771,52,2,1
67412.4018106778,21511.36241823657,57,2,1
42984.48198032163,23584.511166566655,33,0,0
55197.55822596073,12653.794300425863,55,2,1
49296.19131681224,15382.379949600283,30,2,0
57155.612408346824,514.0858536645592,40,0,1
51152.32836590383,12003.23351993213,39,1,1
30755.116637171457,14497.953829582551,33,0,0
64944.002291707104,41207.93091029975,45,1,0
42593.65125258031,3880.3297422583637,65,2,1
26651.271520103735,29641.772387524376,52,1,0
43578.27258551131,24968.587734658082,62,0,0
72511.39685951466,17806.364044901362,63,1,1
62753.32613170239,32586.204841951334,25,2,0
44770.21798388211,18721.05472606863,61,2,1
44761.13443522357,18891.591956679287,39,1,0
45175.47423173926,14468.793469824546,38,0,0
81151.21975341262,27235.688824186276,43,2,1
55729.0317834733,25964.692338108835,57,2,1
56450.624707866045,8743.227125037876,38,1,1
65454.25181047763,1807.5280540123258,42,0,1
53581.8373853977,12970.193626043429,58,0,0
46114.36781268945,6999.614356023536,18,0,0
47054.75226372533,14364.75425384645,23,2,0
48925.98110878904,27374.381346841394,40,2,0
49441.66645235238,10426.9834491321,68,1,1
60914.4431545547,14571.766186884252,40,2,1
50779.18828710949,15580.227348083952,60,1,1
60989.60115823369,23484.308822052844,60,2,1
48789.251298371266,0.0,40,2,1
51179.52785474136,8932.997052347033,49,0,0
20026.989732018385,17112.836922794726,47,1,0
63744.91512053722,27000.789564268613,30,2,1
55197.32713846989,10080.975524937949,60,0,0
64970.15164789478,0.0,35,1,1
20000.0,21197.114459661363,40,2,0
81325.62057171091,8646.376111743706,32,2,1
47906.15557767239,3103.333409096387,50,1,1
66622.74225106275,8756.54610286776,38,2,1
34401.411093117036,13154.746423441504,56,1,0
59191.608575938546,8952.553354617872,40,2,1
34198.76655239516,0.0,44,2,1
40643.465589562926,23970.66196887132,62,2,1
78710.4703080018,27748.750412787223,61,1,1
47139.7639885498,21515.219913395056,35,2,0
53261.49309769584,3623.1432957518336,41,2,1
63051.015960331315,12985.08466052482,68,1,1
57435.22831958907,14934.78684770542,64,0,0
52256.28357715365,20987.9438956191,57,0,0
55474.41503699338,21683.404887180808,68,0,0
86051.23377857413,7658.262012215043,59,2,1
49135.71804449622,15819.955564135604,24,1,0
53016.485700724515,19572.80404615241,67,1,0
65759.81594011417,29558.223221467666,65,2,1
66582.88899436976,22045.065398247232,37,1,0
67805.4545834057,22890.56687375519,44,2,1
59580.95333043777,15838.26627929361,23,0,0
32854.92630904275,29104.591452035038,44,2,0
74501.47298451644,19097.627959594975,26,2,0
32804.81910471968,6389.120898264295,62,2,1
54539.531978585495,29033.699701251906,48,1,0
38685.86224970963,21979.032725390276,38,2,0
49037.92480110511,10569.559788715178,43,0,0
54931.436154552204,10205.070326007566,57,0,1
54820.35823175409,17965.75545140762,65,0,1
56328.81131352927,19631.847952675846,62,2,1
74205.6690358797,16972.922656312065,30,1,1
56803.014522709695,18113.08673442885,66,2,1
46337.65047064027,31999.573745763806,40,0,0
64461.307524325355,25715.43152234886,37,1,0
67842.05733386961,16906.355912650244,54,2,1
31585.88277294511,24413.10580767483,45,1,0
58961.00104774787,4674.7609647246045,34,2,1
60517.591134663475,18979.27049946809,45,1,0
45536.54744960012,33093.0634973311,58,2,1
70635.6021996743,12819.541046076261,19,2,1
47749.1661945121,6523.660713809151,42,1,1
51883.64680207313,8479.111114069394,67,1,1
47403.922635741954,4103.669626576117,58,2,1
50233.685713722014,7152.380918722966,23,2,1
33555.87369657197,11294.91901409971,28,1,0
28399.236761085584,944.3298082135807,55,1,1
73917.57594837458,15156.18333949603,23,2,1
37295.57977522508,24022.77173786647,62,2,1
35129.114758155396,5922.4381985307955,28,1,0
20000.0,30192.839236417687,31,1,0
40415.57378465746,20107.920885275948,19,1,0
30153.653098887524,25305.80585624057,57,2,1
74630.22740204554,8421.654461478629,20,1,1
65147.25634013952,23545.252270666155,52,2,1
39677.74482233414,4080.6609960468704,50,1,0
83786.53708016463,23902.475008365087,41,1,1
64726.48230487391,16718.393397935313,36,2,1
45127.529247370665,20532.512199847835,35,2,0
20000.0,3244.0539437514835,66,2,1
84364.13858886113,6049.301577233953,69,1,1
29156.41299854606,20972.282182533847,41,2,0
25319.01879564662,5516.519957757993,62,2,1
65338.5564801446,19632.06292099123,52,1,1
86596.28609508909,1328.621935397543,18,0,0
70764.09227765776,23481.74212666668,53,1,0
58458.636800785396,2674.7668523149096,42,1,1
58921.315124979286,20522.999376795233,62,2,1
62801.23338170462,21256.30933646001,66,1,1
61383.92884680148,8032.281815704251,60,2,1
54217.87135954064,20820.265670847268,51,2,1
51563.01655927814,17604.42263333556,42,2,1
49061.103081507164,9611.581438072617,33,2,1
38690.531166999855,4914.453159237919,51,0,0
45789.87384699839,0.0,46,1,1
24605.647787069218,18496.500472996937,36,0,0
48524.90559807875,0.0,40,2,1
35171.133392736236,15953.441994413082,36,1,0
33446.160241763435,12365.517839177508,42,2,1
52698.41226730218,21791.427754381955,33,1,0
70880.034295169,11979.545005101358,68,0,1
63774.7490900347,11705.522136529085,26,1,0
26442.490945652346,22318.707042882954,18,2,0
35155.57795144494,18350.580290841175,59,2,1
64111.567819823234,18161.559571827784,36,1,1
35262.68909692536,19692.67589808526,50,2,0
46630.50275004463,0.0,51,0,1
58250.78148536828,22567.88679986982,33,2,1
35474.83317704547,21124.687940136024,61,2,0
51580.6325921894,4833.168714235027,57,1,1
29989.617576226934,12559.195263257987,35,2,0
40979.48534073179,14606.927123723688,51,0,0
54796.72901213806,13655.032155982673,42,2,1
26105.09399702496,18338.599665685346,62,0,0
56607.121069405985,29313.667818311835,23,2,0
49705.433016099785,25817.667276728287,38,1,1
58287.34931625721,1877.8080656859383,23,2,1
53358.712010969924,21220.699903060486,49,2,1
70462.10644960766,28289.3331953541,58,2,1
51878.36753971861,18868.085206892025,65,2,1
43558.91688312121,25909.80425185967,60,2,0
51834.46254548425,35122.704457007654,56,0,0
58149.470435545816,25237.095461069814,48,1,0
50732.901054885566,17493.08595641729,59,1,1
50608.87536805824,25450.884740847534,27,2,0
39470.12468289867,16448.878330968913,47,1,1
40056.48623673578,15239.030432849555,69,2,1
28960.920923004596,11485.857642862675,35,2,1
76243.65114780409,30634.13358832108,41,1,0
31342.051469130725,6815.713340579986,69,1,1
39606.42203306139,30323.67724678116,26,1,0
39223.89101646204,19998.641237403714,48,1,0
63423.86565416662,1006.938251980584,32,1,1
45575.75482561958,18676.492929914217,21,0,0
68716.131090106,0.0,57,2,1
39897.640636341974,21255.080168310356,26,2,0
54184.91243335703,23852.31482988991,62,1,1
37469.794201103636,9076.440443479463,26,1,0
82177.23691660083,16235.476959555823,43,0,0
32186.02371455731,34541.57433750286,21,2,0
54647.31065340541,9942.532957380634,34,2,1
59506.65321398148,4410.924129433995,33,0,1
56206.986461772474,29816.634024625986,32,0,0
47220.68511683438,34625.87190530795,52,2,0
48052.689503998605,15036.956718478474,69,2,1
50657.17207968664,25114.630354083565,22,0,0
47794.96997557267,28414.759155308813,22,2,0
64458.18675192365,7575.15767461616,37,1,1
83157.84502387026,10146.941646321317,32,1,1
41637.623224882496,27308.74513154735,35,2,0
29452.955306313834,31850.142787085093,64,2,0
48675.76927473118,20628.80860174355,19,1,0
88695.64006481477,6201.856464979457,46,2,1
37944.88148045404,34870.61111699441,30,1,0
74586.75208166102,9690.291021880355,21,2,1
75165.51221114662,11648.622188285482,59,1,1
41696.176374380084,18423.378344896213,62,2,1
58534.74618777913,30541.604207147742,27,2,0
74425.94934692807,23539.759765522234,48,0,0
44313.08388518769,19148.655003619104,58,2,1
46946.29459846457,19632.885301181064,25,2,0
41274.786290770346,15435.14668643466,20,2,0
34778.649039607,20581.395145185063,65,1,0
40260.83682400989,0.0,63,2,1
31640.895998566153,12033.925409302017,26,2,0
50511.25202388839,17413.21934916781,47,1,0
38450.40153412038,3489.8591638049293,28,2,0
53506.788676861215,18863.2331781156,52,0,0
26661.56530694559,12955.287790138784,54,0,0
54963.20348321686,32554.7569831549,59,2,1
62502.93442413387,30730.197252148566,30,2,0
20093.96536142817,10341.944308818373,53,2,0
55610.848547713584,13491.622884333046,30,0,0
68415.03488709938,14260.524343916073,29,2,1
31855.38471963192,10483.405238403773,54,0,0
75088.58580256555,16950.249840281267,27,0,1
56285.285140490676,7417.179311124098,26,0,0
39424.82216362387,3693.846650624737,69,2,1
49163.46383513441,21227.112239002687,24,2,0
58374.903687825834,21295.295842218107,19,2,0
51140.080871186176,6956.842403400076,40,2,1
58081.33988669554,23953.554307625996,56,0,0
36189.89610380951,8684.222708346686,57,2,1
52540.41236054117,17531.65238037981,56,1,1
28794.282546425296,23203.44012612456,38,1,0
48331.60907976949,14663.87435296287,40,0,0
36441.38537802815,19547.409121411343,46,2,0
38967.050861153504,9835.703561124283,31,2,1
68541.39762815656,13035.334165719029,43,2,1
66369.65180891403,12941.405691196596,68,1,1
59137.071813607654,7534.216534597611,22,0,0
33615.308529911315,13232.25836884218,48,2,0
45253.87325457797,0.0,42,0,1
68196.46549968775,10088.462528578953,48,2,1
52125.753704598574,12151.245066303292,67,2,1
84789.94309972541,12438.202475046199,37,0,1
55899.76759091558,12585.025541292212,61,2,1
52880.73674735047,14382.35800139871,34,2,1
45363.25303696248,19794.41518086064,62,0,1
52003.11357173423,23745.170741325226,19,2,0
47712.952454291844,8502.34773151733,42,1,0
60621.630150328856,2967.9914461085555,30,2,1
64350.53475191876,4579.55587756897,56,2,1
38210.158092380756,10127.970788050729,45,2,0
30031.50569663333,11480.786821834909,59,2,1
22456.919403450553,7300.039338025427,23,1,0
57619.86990368816,2038.8333575010547,20,2,1
33449.50090739189,10438.791725258117,52,0,0
20000.0,16814.266201139715,35,2,0
55828.67906796446,20950.294658355648,28,2,0
87394.99276149186,9425.769468916787,37,0,0
49908.9363269016,10870.02177856566,22,1,1
62577.36161677463,5733.016911526893,36,2,1
51227.440378213476,14685.608296252236,39,2,0
48516.65520213286,6515.713658091854,36,0,1
63786.14724481653,20731.278132412,64,0,0
45645.88183717023,0.0,33,1,1
54010.88471107854,11403.703275475376,41,2,1
54825.467092940205,18011.07339191742,58,0,0
39978.64319535427,16838.345163225044,21,2,0
64880.635243047844,41930.33663980497,32,0,0
47375.60364956887,18498.000245679075,42,2,0
38663.82260760733,4959.454031579897,61,1,0
58047.64765355605,14045.35752910927,52,2,1
36522.98027313444,0.0,31,1,0
50422.717360536924,14194.002507032392,66,2,1
49863.21505033695,6669.439429992413,36,1,0
66288.43348747367,24153.902755601615,55,2,1
57120.47349319929,9504.597254044651,53,2,1
49624.595618822845,13832.340842047533,24,0,0
62266.494488004304,8644.421585955966,47,2,1
70853.1132352597,32388.513518533313,36,2,0
58367.154595277934,11787.572338820883,66,0,1
50155.28929765071,33325.57043479202,42,1,0
30322.456514747606,23141.517621182666,33,0,0
34023.29505386941,19820.66727335386,64,2,0
45421.629434679984,18687.331473175196,57,2,1
40857.31696761075,18937.972982162515,68,0,0
47195.43045521831,0.0,25,2,1
50849.74887345661,12211.166058492436,35,2,1
57945.391315350964,23451.579711843217,45,2,1
48942.518329113635,14511.028165258944,33,2,1
57297.52465739303,948.1015319642502,69,2,1
50967.1162221518,14475.955494225305,36,2,1
20368.00150469193,32041.055162554912,59,1,0
35909.96909271869,27468.917155347197,34,2,0
47838.686664175766,14379.959906339682,62,1,1
31854.578857383385,24514.492770580866,30,1,0
58998.93094994307,11334.929796319482,24,1,0
72961.26248515546,0.0,44,2,1
68281.42777545974,5755.3401187044565,27,2,1
46798.35693604688,30628.88768508198,51,1,0
72360.89205274929,12260.069181706958,53,1,1
52230.01185803167,12566.160206249819,42,1,0
44943.71043322941,12001.618037251195,23,2,1
40798.960046885906,34041.365895730065,41,1,0
45462.95470267808,31259.589153620633,35,2,0
44177.34772188157,37187.80233448134,40,1,0
52556.243335632316,13409.547895999487,23,1,1
52408.60971574797,17956.24488747095,46,0,0
50045.69030230122,0.0,42,1,1
56554.072546195246,29769.344261182745,34,2,1
67859.69412179512,3322.2044873206505,63,1,1
64243.312031619855,17167.75563762629,41,0,0
27726.53047325145,4026.9747236715593,28,1,0
20000.0,9111.331732613038,43,1,1
64014.79866858911,6627.3756895029965,68,0,1
29496.819523768685,8921.247393241822,51,1,0
46628.518971609745,9608.772968510213,45,2,1
32448.304609109608,9517.31205074923,20,2,1
22970.293436299704,23333.339117803072,28,1,0
58121.94092307182,3951.3720693747982,55,1,1
61387.327404539705,17205.41427013867,31,2,1
41352.34398909921,27179.591523055584,68,1,0
20000.0,9868.036354866039,43,1,0
41806.33327621276,7820.811092523982,65,1,1
55877.060081038195,12694.753748197492,38,1,1
27816.32646838807,26797.2520836071,56,2,1
52750.39879668733,16941.07630953358,47,1,1
49770.35226240507,9687.857053924015,25,2,0
58689.37249401632,19838.766511880396,68,0,1
51793.705526212296,3977.0785016357677,37,1,1
35403.96588677667,21813.595104429478,65,2,0
67948.57252496737,19086.073077017674,49,1,1
47622.05640459545,11921.915288611159,39,2,1
49590.43190735102,6614.14201552769,24,1,1
36000.98061390206,6133.190777165428,26,2,0
43350.766232127346,20348.1733634591,62,0,0
36727.95928959649,27289.80502489062,18,2,0
47405.809101148654,8626.922529712052,46,0,0
75675.62720213515,19583.867035514842,25,2,1
29421.482856029656,0.0,21,1,1
25796.579031848883,9153.822693428005,52,2,1
72067.55491240413,14689.41067129098,20,1,0
46860.14484272201,5903.165830181664,62,2,1
39963.908920101254,5634.93625210404,57,0,0
65598.57031094114,8322.204435311138,24,0,0
40915.766903947035,17921.927283263733,44,1,1
77390.14570320403,13126.709815936254,18,0,0
60168.88807008904,0.0,44,0,1
42681.32887781446,0.0,33,2,1
82359.62319898256,8931.348221428245,55,2,1
40914.27615494993,19576.86586053552,24,1,0
61131.430580139604,0.0,61,2,1
54489.38870609738,10002.698238483694,40,2,1
69526.11934098197,9737.521434825789,58,1,1
73422.66795090279,28883.377782084477,28,2,0
50480.0622359865,11149.781882871364,59,2,1
38698.73194480725,18829.889847409286,50,2,0
56899.582144086744,16412.571400874633,67,1,1
39834.26945371841,0.0,53,2,1
80200.80871289935,22682.07216631737,54,0,1
52048.02996624106,17153.96505456288,58,0,1
44520.17673031837,20082.686396745896,34,0,0
52770.204587973625,54262.37706436327,52,2,0
29793.10565705455,0.0,65,2,1
35425.789422340225,32246.966497611083,22,2,0
68006.20861916638,12125.524805996443,65,2,1
40146.58581542906,17873.289044030094,49,1,0
34296.3352597709,14544.877546987578,20,0,0
58049.79128790929,10757.636666019564,69,1,1
67785.56231994496,9301.670717612413,64,1,1
60784.299659976,18295.08735573009,52,2,1
64940.715287087245,0.0,69,2,1
38648.073671458085,22505.791675217657,31,0,0
28672.839998872343,10838.05595114746,65,0,1
72520.0047793323,3699.3066095964223,48,0,1
45159.802417367966,10499.871420041862,48,1,1
46237.50475317429,27571.49216862573,34,2,0
69922.91212773586,9646.64912983777,41,2,1
58343.4501410099,18584.536182096203,69,2,1
56838.31658122411,7690.437242845267,40,1,1
82475.03517351625,22579.218499236194,35,1,1
40347.22654429785,21855.07738790204,67,0,0
63917.60192121856,33486.088332964115,31,2,0
50855.19687345627,13244.360545007845,67,2,1
54028.88418294885,21686.54804757907,32,0,0
72927.02639618798,15980.675395389446,32,2,1
57617.53634434436,27958.717818630143,23,1,0
58074.441185744494,7811.676123912696,44,2,1
66087.61005964704,22450.05312877281,32,2,0
44525.70905685672,13053.027038833183,67,2,1
37411.85498991491,14358.118228915022,53,2,1
34327.862089684495,15917.524844483729,25,0,0
20504.65115935997,17522.403964266774,32,0,0
80843.10694910484,13837.709568780418,20,0,0
33451.87451417475,17147.131831705265,64,0,0
46681.19564621342,30781.180575621845,30,2,0
45847.80050166619,24854.496856152182,58,2,1
54611.10046713651,23691.545924968967,51,0,0
62236.05818808945,10444.604739761293,41,2,1
62907.10232539618,6107.591717716758,57,0,1
41253.83842146592,24553.00558237753,49,1,0
47493.174293203825,23760.46792529794,49,1,0
54238.69925732449,29726.70675750982,47,1,0
46269.633107246795,8960.193740307705,69,1,1
74110.18364029989,12704.51344639653,66,1,1
57364.62427457377,0.0,30,1,0
61023.16679074726,11075.28893939127,18,2,0
59943.21903001119,24965.70510579447,51,0,1
67602.10786227987,10335.04620771802,32,0,0
52715.3233805556,21404.797952008237,61,0,0
30547.5207806623,13094.968940021887,31,2,1
55995.31927628962,18240.570282215605,46,0,0
40229.64659312257,3523.086101843326,51,2,1
42070.74977375365,15852.09449633901,35,2,1
58795.4602813264,0.0,24,2,1
68574.24607150453,13131.03841838015,46,2,1
50319.073651040926,0.0,48,0,0
54632.49518898446,27059.94516546816,42,0,0
75533.22416952858,22774.073527645112,55,1,1
53611.297692328524,19666.70981966081,31,2,0
89025.24671270592,30210.0622715938,25,1,0
58482.64468447316,5510.834791751628,44,0,1
23588.558612662735,32473.631979155583,19,2,0
61300.12431656799,24321.915642603846,34,0,0
55717.37577324166,12634.44712781054,54,2,0
69346.29131124119,26356.20147182944,31,2,0
60097.72026904937,3937.064875883658,42,1,1
47923.16024024339,6754.858384723264,47,0,0
31635.526455659514,8914.102767602995,46,0,0
46864.65114070962,9710.222919359847,37,2,1
37242.1931868605,4434.4235723974725,38,2,1
41292.14825292916,27230.830670953248,39,2,0
58828.67606630914,12411.455996301684,52,2,1
75048.56756527109,18525.049683568795,54,2,1
55920.07294734471,9296.486335863196,33,0,0
32061.754069472234,0.0,67,1,1
56669.040023302114,17700.57358391422,66,2,1
67949.47229968477,0.0,60,1,1
40853.25643520927,14313.659539145314,34,0,0
47989.742499906235,1316.8496116718961,33,2,1
50220.32292093796,34872.759992308085,19,1,0
38226.5253037664,24113.627221747218,21,2,0
59724.20650765789,16057.537912714804,38,2,1
48185.77777088327,27637.066776546686,56,0,0
56292.98665860542,6536.840225342641,51,2,1
36687.6173329685,20434.79378670093,47,1,0
43438.125495148844,16998.104337187135,23,1,0
60835.72036741657,17640.200813336698,34,1,0
44407.502718623495,27723.535001067678,56,0,0
75904.45776850107,22324.921027798024,42,1,0
44005.45721578097,17887.236628250233,22,0,0
53370.27088627829,0.0,22,1,0
63988.86247809635,5399.537047205362,37,1,1
28724.514006004523,13772.910664042758,33,2,0
23587.86782028836,15933.723742766513,68,2,0
27115.15528144858,3697.962753260761,58,0,1
68938.76155140773,39116.76675578421,54,1,0
41722.127811613296,30163.94055253573,57,1,0
88372.98928502378,21021.183203924833,26,0,0
41536.286020139174,15720.368612837448,22,2,0
52768.269547955555,12877.910300988484,59,2,1
73131.64928851814,5480.815399777644,19,0,1
80091.39332238684,15774.805185188625,26,1,1
80922.55364954597,17577.525401427505,60,0,1
68125.49345889714,2582.3942451837574,53,2,1
65360.93788717194,18341.764172448973,39,0,0
58887.90423801775,13447.409511752512,39,2,1
